year,global_ghi_mean
2025,14.225740340789791
2026,13.82081875049004
2027,13.419992971696706
2028,13.020944941199506
2029,12.63386256796105
2030,12.251354132743893
2031,11.881341027513397
2032,11.518744106507627
2033,11.160894220274796
2034,10.81231778703891
2035,10.474220666156294
