year,global_ghi_mean
2025,14.197838667689311
2026,13.81843795044204
2027,13.45494347789852
2028,13.096491563609256
2029,12.748881204708013
2030,12.408083223065173
2031,12.07705853794582
2032,11.749967435332845
2033,11.434661738157235
2034,11.126611117291972
2035,10.821831846405097
