year,global_ghi_mean
2025,16.39046072130676
2026,16.14569047917799
2027,16.23873867373785
2028,16.564639894097834
2029,17.02853944917637
2030,17.62368661213673
