year,global_ghi_mean
2025,16.39046072130676
2026,16.14569047917799
2027,16.23873867373785
2028,16.564639894097834
2029,17.02853944917637
2030,17.62368661213673
2031,18.32507502998203
2032,19.111484429711926
2033,19.988028656304994
2034,20.94527855829653
2035,21.97986615918878
